general_plant_id,distribution_map
1,01_raw_data/03_hardiness_map/plant_species_hardiness_map_1.html
2,01_raw_data/03_hardiness_map/plant_species_hardiness_map_2.html
3,01_raw_data/03_hardiness_map/plant_species_hardiness_map_3.html
4,01_raw_data/03_hardiness_map/plant_species_hardiness_map_4.html
5,01_raw_data/03_hardiness_map/plant_species_hardiness_map_5.html
6,01_raw_data/03_hardiness_map/plant_species_hardiness_map_6.html
7,01_raw_data/03_hardiness_map/plant_species_hardiness_map_7.html
8,01_raw_data/03_hardiness_map/plant_species_hardiness_map_8.html
9,01_raw_data/03_hardiness_map/plant_species_hardiness_map_9.html
10,01_raw_data/03_hardiness_map/plant_species_hardiness_map_10.html
11,01_raw_data/03_hardiness_map/plant_species_hardiness_map_11.html
12,01_raw_data/03_hardiness_map/plant_species_hardiness_map_12.html
13,01_raw_data/03_hardiness_map/plant_species_hardiness_map_13.html
14,01_raw_data/03_hardiness_map/plant_species_hardiness_map_14.html
15,01_raw_data/03_hardiness_map/plant_species_hardiness_map_15.html
16,01_raw_data/03_hardiness_map/plant_species_hardiness_map_16.html
17,01_raw_data/03_hardiness_map/plant_species_hardiness_map_17.html
18,01_raw_data/03_hardiness_map/plant_species_hardiness_map_18.html
19,01_raw_data/03_hardiness_map/plant_species_hardiness_map_19.html
20,01_raw_data/03_hardiness_map/plant_species_hardiness_map_20.html
21,01_raw_data/03_hardiness_map/plant_species_hardiness_map_21.html
22,01_raw_data/03_hardiness_map/plant_species_hardiness_map_22.html
23,01_raw_data/03_hardiness_map/plant_species_hardiness_map_23.html
24,01_raw_data/03_hardiness_map/plant_species_hardiness_map_24.html
25,01_raw_data/03_hardiness_map/plant_species_hardiness_map_25.html
26,01_raw_data/03_hardiness_map/plant_species_hardiness_map_26.html
27,01_raw_data/03_hardiness_map/plant_species_hardiness_map_27.html
28,01_raw_data/03_hardiness_map/plant_species_hardiness_map_28.html
29,01_raw_data/03_hardiness_map/plant_species_hardiness_map_29.html
30,01_raw_data/03_hardiness_map/plant_species_hardiness_map_30.html
31,01_raw_data/03_hardiness_map/plant_species_hardiness_map_31.html
32,01_raw_data/03_hardiness_map/plant_species_hardiness_map_32.html
33,01_raw_data/03_hardiness_map/plant_species_hardiness_map_33.html
34,01_raw_data/03_hardiness_map/plant_species_hardiness_map_34.html
35,01_raw_data/03_hardiness_map/plant_species_hardiness_map_35.html
36,01_raw_data/03_hardiness_map/plant_species_hardiness_map_36.html
37,01_raw_data/03_hardiness_map/plant_species_hardiness_map_37.html
38,01_raw_data/03_hardiness_map/plant_species_hardiness_map_38.html
39,01_raw_data/03_hardiness_map/plant_species_hardiness_map_39.html
40,01_raw_data/03_hardiness_map/plant_species_hardiness_map_40.html
41,01_raw_data/03_hardiness_map/plant_species_hardiness_map_41.html
42,01_raw_data/03_hardiness_map/plant_species_hardiness_map_42.html
43,01_raw_data/03_hardiness_map/plant_species_hardiness_map_43.html
44,01_raw_data/03_hardiness_map/plant_species_hardiness_map_44.html
45,01_raw_data/03_hardiness_map/plant_species_hardiness_map_45.html
46,01_raw_data/03_hardiness_map/plant_species_hardiness_map_46.html
47,01_raw_data/03_hardiness_map/plant_species_hardiness_map_47.html
48,01_raw_data/03_hardiness_map/plant_species_hardiness_map_48.html
49,01_raw_data/03_hardiness_map/plant_species_hardiness_map_49.html
50,01_raw_data/03_hardiness_map/plant_species_hardiness_map_50.html
51,01_raw_data/03_hardiness_map/plant_species_hardiness_map_51.html
52,01_raw_data/03_hardiness_map/plant_species_hardiness_map_52.html
53,01_raw_data/03_hardiness_map/plant_species_hardiness_map_53.html
54,01_raw_data/03_hardiness_map/plant_species_hardiness_map_54.html
55,01_raw_data/03_hardiness_map/plant_species_hardiness_map_55.html
56,01_raw_data/03_hardiness_map/plant_species_hardiness_map_56.html
57,01_raw_data/03_hardiness_map/plant_species_hardiness_map_57.html
58,01_raw_data/03_hardiness_map/plant_species_hardiness_map_58.html
59,01_raw_data/03_hardiness_map/plant_species_hardiness_map_59.html
60,01_raw_data/03_hardiness_map/plant_species_hardiness_map_60.html
61,01_raw_data/03_hardiness_map/plant_species_hardiness_map_61.html
62,01_raw_data/03_hardiness_map/plant_species_hardiness_map_62.html
63,01_raw_data/03_hardiness_map/plant_species_hardiness_map_63.html
64,01_raw_data/03_hardiness_map/plant_species_hardiness_map_64.html
65,01_raw_data/03_hardiness_map/plant_species_hardiness_map_65.html
66,01_raw_data/03_hardiness_map/plant_species_hardiness_map_66.html
67,01_raw_data/03_hardiness_map/plant_species_hardiness_map_67.html
68,01_raw_data/03_hardiness_map/plant_species_hardiness_map_68.html
69,01_raw_data/03_hardiness_map/plant_species_hardiness_map_69.html
70,01_raw_data/03_hardiness_map/plant_species_hardiness_map_70.html
71,01_raw_data/03_hardiness_map/plant_species_hardiness_map_71.html
72,01_raw_data/03_hardiness_map/plant_species_hardiness_map_72.html
73,01_raw_data/03_hardiness_map/plant_species_hardiness_map_73.html
74,01_raw_data/03_hardiness_map/plant_species_hardiness_map_74.html
75,01_raw_data/03_hardiness_map/plant_species_hardiness_map_75.html
76,01_raw_data/03_hardiness_map/plant_species_hardiness_map_76.html
77,01_raw_data/03_hardiness_map/plant_species_hardiness_map_77.html
78,01_raw_data/03_hardiness_map/plant_species_hardiness_map_78.html
79,01_raw_data/03_hardiness_map/plant_species_hardiness_map_79.html
80,01_raw_data/03_hardiness_map/plant_species_hardiness_map_80.html
81,01_raw_data/03_hardiness_map/plant_species_hardiness_map_81.html
82,01_raw_data/03_hardiness_map/plant_species_hardiness_map_82.html
83,01_raw_data/03_hardiness_map/plant_species_hardiness_map_83.html
84,01_raw_data/03_hardiness_map/plant_species_hardiness_map_84.html
85,01_raw_data/03_hardiness_map/plant_species_hardiness_map_85.html
86,01_raw_data/03_hardiness_map/plant_species_hardiness_map_86.html
87,01_raw_data/03_hardiness_map/plant_species_hardiness_map_87.html
88,01_raw_data/03_hardiness_map/plant_species_hardiness_map_88.html
89,01_raw_data/03_hardiness_map/plant_species_hardiness_map_89.html
90,01_raw_data/03_hardiness_map/plant_species_hardiness_map_90.html
91,01_raw_data/03_hardiness_map/plant_species_hardiness_map_91.html
92,01_raw_data/03_hardiness_map/plant_species_hardiness_map_92.html
93,01_raw_data/03_hardiness_map/plant_species_hardiness_map_93.html
94,01_raw_data/03_hardiness_map/plant_species_hardiness_map_94.html
95,01_raw_data/03_hardiness_map/plant_species_hardiness_map_95.html
96,01_raw_data/03_hardiness_map/plant_species_hardiness_map_96.html
97,01_raw_data/03_hardiness_map/plant_species_hardiness_map_97.html
98,01_raw_data/03_hardiness_map/plant_species_hardiness_map_98.html
99,01_raw_data/03_hardiness_map/plant_species_hardiness_map_99.html
100,01_raw_data/03_hardiness_map/plant_species_hardiness_map_100.html
101,01_raw_data/03_hardiness_map/plant_species_hardiness_map_101.html
102,01_raw_data/03_hardiness_map/plant_species_hardiness_map_102.html
103,01_raw_data/03_hardiness_map/plant_species_hardiness_map_103.html
104,01_raw_data/03_hardiness_map/plant_species_hardiness_map_104.html
105,01_raw_data/03_hardiness_map/plant_species_hardiness_map_105.html
106,01_raw_data/03_hardiness_map/plant_species_hardiness_map_106.html
107,01_raw_data/03_hardiness_map/plant_species_hardiness_map_107.html
108,01_raw_data/03_hardiness_map/plant_species_hardiness_map_108.html
109,01_raw_data/03_hardiness_map/plant_species_hardiness_map_109.html
110,01_raw_data/03_hardiness_map/plant_species_hardiness_map_110.html
111,01_raw_data/03_hardiness_map/plant_species_hardiness_map_111.html
112,01_raw_data/03_hardiness_map/plant_species_hardiness_map_112.html
113,01_raw_data/03_hardiness_map/plant_species_hardiness_map_113.html
114,01_raw_data/03_hardiness_map/plant_species_hardiness_map_114.html
115,01_raw_data/03_hardiness_map/plant_species_hardiness_map_115.html
116,01_raw_data/03_hardiness_map/plant_species_hardiness_map_116.html
117,01_raw_data/03_hardiness_map/plant_species_hardiness_map_117.html
118,01_raw_data/03_hardiness_map/plant_species_hardiness_map_118.html
119,01_raw_data/03_hardiness_map/plant_species_hardiness_map_119.html
120,01_raw_data/03_hardiness_map/plant_species_hardiness_map_120.html
121,01_raw_data/03_hardiness_map/plant_species_hardiness_map_121.html
122,01_raw_data/03_hardiness_map/plant_species_hardiness_map_122.html
123,01_raw_data/03_hardiness_map/plant_species_hardiness_map_123.html
124,01_raw_data/03_hardiness_map/plant_species_hardiness_map_124.html
125,01_raw_data/03_hardiness_map/plant_species_hardiness_map_125.html
126,01_raw_data/03_hardiness_map/plant_species_hardiness_map_126.html
127,01_raw_data/03_hardiness_map/plant_species_hardiness_map_127.html
128,01_raw_data/03_hardiness_map/plant_species_hardiness_map_128.html
129,01_raw_data/03_hardiness_map/plant_species_hardiness_map_129.html
130,01_raw_data/03_hardiness_map/plant_species_hardiness_map_130.html
131,01_raw_data/03_hardiness_map/plant_species_hardiness_map_131.html
132,01_raw_data/03_hardiness_map/plant_species_hardiness_map_132.html
133,01_raw_data/03_hardiness_map/plant_species_hardiness_map_133.html
134,01_raw_data/03_hardiness_map/plant_species_hardiness_map_134.html
135,01_raw_data/03_hardiness_map/plant_species_hardiness_map_135.html
136,01_raw_data/03_hardiness_map/plant_species_hardiness_map_136.html
137,01_raw_data/03_hardiness_map/plant_species_hardiness_map_137.html
138,01_raw_data/03_hardiness_map/plant_species_hardiness_map_138.html
139,01_raw_data/03_hardiness_map/plant_species_hardiness_map_139.html
140,01_raw_data/03_hardiness_map/plant_species_hardiness_map_140.html
141,01_raw_data/03_hardiness_map/plant_species_hardiness_map_141.html
142,01_raw_data/03_hardiness_map/plant_species_hardiness_map_142.html
143,01_raw_data/03_hardiness_map/plant_species_hardiness_map_143.html
144,01_raw_data/03_hardiness_map/plant_species_hardiness_map_144.html
145,01_raw_data/03_hardiness_map/plant_species_hardiness_map_145.html
146,01_raw_data/03_hardiness_map/plant_species_hardiness_map_146.html
147,01_raw_data/03_hardiness_map/plant_species_hardiness_map_147.html
148,01_raw_data/03_hardiness_map/plant_species_hardiness_map_148.html
149,01_raw_data/03_hardiness_map/plant_species_hardiness_map_149.html
150,01_raw_data/03_hardiness_map/plant_species_hardiness_map_150.html
151,01_raw_data/03_hardiness_map/plant_species_hardiness_map_151.html
152,01_raw_data/03_hardiness_map/plant_species_hardiness_map_152.html
153,01_raw_data/03_hardiness_map/plant_species_hardiness_map_153.html
154,01_raw_data/03_hardiness_map/plant_species_hardiness_map_154.html
155,01_raw_data/03_hardiness_map/plant_species_hardiness_map_155.html
156,01_raw_data/03_hardiness_map/plant_species_hardiness_map_156.html
157,01_raw_data/03_hardiness_map/plant_species_hardiness_map_157.html
158,01_raw_data/03_hardiness_map/plant_species_hardiness_map_158.html
159,01_raw_data/03_hardiness_map/plant_species_hardiness_map_159.html
160,01_raw_data/03_hardiness_map/plant_species_hardiness_map_160.html
161,01_raw_data/03_hardiness_map/plant_species_hardiness_map_161.html
162,01_raw_data/03_hardiness_map/plant_species_hardiness_map_162.html
163,01_raw_data/03_hardiness_map/plant_species_hardiness_map_163.html
164,01_raw_data/03_hardiness_map/plant_species_hardiness_map_164.html
165,01_raw_data/03_hardiness_map/plant_species_hardiness_map_165.html
166,01_raw_data/03_hardiness_map/plant_species_hardiness_map_166.html
167,01_raw_data/03_hardiness_map/plant_species_hardiness_map_167.html
168,01_raw_data/03_hardiness_map/plant_species_hardiness_map_168.html
169,01_raw_data/03_hardiness_map/plant_species_hardiness_map_169.html
170,01_raw_data/03_hardiness_map/plant_species_hardiness_map_170.html
171,01_raw_data/03_hardiness_map/plant_species_hardiness_map_171.html
172,01_raw_data/03_hardiness_map/plant_species_hardiness_map_172.html
173,01_raw_data/03_hardiness_map/plant_species_hardiness_map_173.html
174,01_raw_data/03_hardiness_map/plant_species_hardiness_map_174.html
175,01_raw_data/03_hardiness_map/plant_species_hardiness_map_175.html
176,01_raw_data/03_hardiness_map/plant_species_hardiness_map_176.html
177,01_raw_data/03_hardiness_map/plant_species_hardiness_map_177.html
178,01_raw_data/03_hardiness_map/plant_species_hardiness_map_178.html
179,01_raw_data/03_hardiness_map/plant_species_hardiness_map_179.html
180,01_raw_data/03_hardiness_map/plant_species_hardiness_map_180.html
181,01_raw_data/03_hardiness_map/plant_species_hardiness_map_181.html
182,01_raw_data/03_hardiness_map/plant_species_hardiness_map_182.html
183,01_raw_data/03_hardiness_map/plant_species_hardiness_map_183.html
184,01_raw_data/03_hardiness_map/plant_species_hardiness_map_184.html
185,01_raw_data/03_hardiness_map/plant_species_hardiness_map_185.html
186,01_raw_data/03_hardiness_map/plant_species_hardiness_map_186.html
187,01_raw_data/03_hardiness_map/plant_species_hardiness_map_187.html
188,01_raw_data/03_hardiness_map/plant_species_hardiness_map_188.html
189,01_raw_data/03_hardiness_map/plant_species_hardiness_map_189.html
190,01_raw_data/03_hardiness_map/plant_species_hardiness_map_190.html
191,01_raw_data/03_hardiness_map/plant_species_hardiness_map_191.html
192,01_raw_data/03_hardiness_map/plant_species_hardiness_map_192.html
193,01_raw_data/03_hardiness_map/plant_species_hardiness_map_193.html
194,01_raw_data/03_hardiness_map/plant_species_hardiness_map_194.html
195,01_raw_data/03_hardiness_map/plant_species_hardiness_map_195.html
196,01_raw_data/03_hardiness_map/plant_species_hardiness_map_196.html
197,01_raw_data/03_hardiness_map/plant_species_hardiness_map_197.html
198,01_raw_data/03_hardiness_map/plant_species_hardiness_map_198.html
199,01_raw_data/03_hardiness_map/plant_species_hardiness_map_199.html
200,01_raw_data/03_hardiness_map/plant_species_hardiness_map_200.html
201,01_raw_data/03_hardiness_map/plant_species_hardiness_map_201.html
202,01_raw_data/03_hardiness_map/plant_species_hardiness_map_202.html
203,01_raw_data/03_hardiness_map/plant_species_hardiness_map_203.html
204,01_raw_data/03_hardiness_map/plant_species_hardiness_map_204.html
205,01_raw_data/03_hardiness_map/plant_species_hardiness_map_205.html
206,01_raw_data/03_hardiness_map/plant_species_hardiness_map_206.html
207,01_raw_data/03_hardiness_map/plant_species_hardiness_map_207.html
208,01_raw_data/03_hardiness_map/plant_species_hardiness_map_208.html
209,01_raw_data/03_hardiness_map/plant_species_hardiness_map_209.html
210,01_raw_data/03_hardiness_map/plant_species_hardiness_map_210.html
211,01_raw_data/03_hardiness_map/plant_species_hardiness_map_211.html
212,01_raw_data/03_hardiness_map/plant_species_hardiness_map_212.html
213,01_raw_data/03_hardiness_map/plant_species_hardiness_map_213.html
214,01_raw_data/03_hardiness_map/plant_species_hardiness_map_214.html
215,01_raw_data/03_hardiness_map/plant_species_hardiness_map_215.html
216,01_raw_data/03_hardiness_map/plant_species_hardiness_map_216.html
217,01_raw_data/03_hardiness_map/plant_species_hardiness_map_217.html
218,01_raw_data/03_hardiness_map/plant_species_hardiness_map_218.html
219,01_raw_data/03_hardiness_map/plant_species_hardiness_map_219.html
220,01_raw_data/03_hardiness_map/plant_species_hardiness_map_220.html
221,01_raw_data/03_hardiness_map/plant_species_hardiness_map_221.html
222,01_raw_data/03_hardiness_map/plant_species_hardiness_map_222.html
223,01_raw_data/03_hardiness_map/plant_species_hardiness_map_223.html
224,01_raw_data/03_hardiness_map/plant_species_hardiness_map_224.html
225,01_raw_data/03_hardiness_map/plant_species_hardiness_map_225.html
226,01_raw_data/03_hardiness_map/plant_species_hardiness_map_226.html
227,01_raw_data/03_hardiness_map/plant_species_hardiness_map_227.html
228,01_raw_data/03_hardiness_map/plant_species_hardiness_map_228.html
229,01_raw_data/03_hardiness_map/plant_species_hardiness_map_229.html
230,01_raw_data/03_hardiness_map/plant_species_hardiness_map_230.html
231,01_raw_data/03_hardiness_map/plant_species_hardiness_map_231.html
232,01_raw_data/03_hardiness_map/plant_species_hardiness_map_232.html
233,01_raw_data/03_hardiness_map/plant_species_hardiness_map_233.html
234,01_raw_data/03_hardiness_map/plant_species_hardiness_map_234.html
235,01_raw_data/03_hardiness_map/plant_species_hardiness_map_235.html
236,01_raw_data/03_hardiness_map/plant_species_hardiness_map_236.html
237,01_raw_data/03_hardiness_map/plant_species_hardiness_map_237.html
238,01_raw_data/03_hardiness_map/plant_species_hardiness_map_238.html
239,01_raw_data/03_hardiness_map/plant_species_hardiness_map_239.html
240,01_raw_data/03_hardiness_map/plant_species_hardiness_map_240.html
241,01_raw_data/03_hardiness_map/plant_species_hardiness_map_241.html
242,01_raw_data/03_hardiness_map/plant_species_hardiness_map_242.html
243,01_raw_data/03_hardiness_map/plant_species_hardiness_map_243.html
244,01_raw_data/03_hardiness_map/plant_species_hardiness_map_244.html
245,01_raw_data/03_hardiness_map/plant_species_hardiness_map_245.html
246,01_raw_data/03_hardiness_map/plant_species_hardiness_map_246.html
247,01_raw_data/03_hardiness_map/plant_species_hardiness_map_247.html
248,01_raw_data/03_hardiness_map/plant_species_hardiness_map_248.html
249,01_raw_data/03_hardiness_map/plant_species_hardiness_map_249.html
250,01_raw_data/03_hardiness_map/plant_species_hardiness_map_250.html
251,01_raw_data/03_hardiness_map/plant_species_hardiness_map_251.html
252,01_raw_data/03_hardiness_map/plant_species_hardiness_map_252.html
253,01_raw_data/03_hardiness_map/plant_species_hardiness_map_253.html
254,01_raw_data/03_hardiness_map/plant_species_hardiness_map_254.html
255,01_raw_data/03_hardiness_map/plant_species_hardiness_map_255.html
256,01_raw_data/03_hardiness_map/plant_species_hardiness_map_256.html
257,01_raw_data/03_hardiness_map/plant_species_hardiness_map_257.html
258,01_raw_data/03_hardiness_map/plant_species_hardiness_map_258.html
259,01_raw_data/03_hardiness_map/plant_species_hardiness_map_259.html
260,01_raw_data/03_hardiness_map/plant_species_hardiness_map_260.html
261,01_raw_data/03_hardiness_map/plant_species_hardiness_map_261.html
262,01_raw_data/03_hardiness_map/plant_species_hardiness_map_262.html
263,01_raw_data/03_hardiness_map/plant_species_hardiness_map_263.html
264,01_raw_data/03_hardiness_map/plant_species_hardiness_map_264.html
265,01_raw_data/03_hardiness_map/plant_species_hardiness_map_265.html
266,01_raw_data/03_hardiness_map/plant_species_hardiness_map_266.html
267,01_raw_data/03_hardiness_map/plant_species_hardiness_map_267.html
268,01_raw_data/03_hardiness_map/plant_species_hardiness_map_268.html
269,01_raw_data/03_hardiness_map/plant_species_hardiness_map_269.html
270,01_raw_data/03_hardiness_map/plant_species_hardiness_map_270.html
271,01_raw_data/03_hardiness_map/plant_species_hardiness_map_271.html
272,01_raw_data/03_hardiness_map/plant_species_hardiness_map_272.html
273,01_raw_data/03_hardiness_map/plant_species_hardiness_map_273.html
274,01_raw_data/03_hardiness_map/plant_species_hardiness_map_274.html
275,01_raw_data/03_hardiness_map/plant_species_hardiness_map_275.html
276,01_raw_data/03_hardiness_map/plant_species_hardiness_map_276.html
277,01_raw_data/03_hardiness_map/plant_species_hardiness_map_277.html
278,01_raw_data/03_hardiness_map/plant_species_hardiness_map_278.html
279,01_raw_data/03_hardiness_map/plant_species_hardiness_map_279.html
280,01_raw_data/03_hardiness_map/plant_species_hardiness_map_280.html
281,01_raw_data/03_hardiness_map/plant_species_hardiness_map_281.html
282,01_raw_data/03_hardiness_map/plant_species_hardiness_map_282.html
283,01_raw_data/03_hardiness_map/plant_species_hardiness_map_283.html
284,01_raw_data/03_hardiness_map/plant_species_hardiness_map_284.html
285,01_raw_data/03_hardiness_map/plant_species_hardiness_map_285.html
286,01_raw_data/03_hardiness_map/plant_species_hardiness_map_286.html
287,01_raw_data/03_hardiness_map/plant_species_hardiness_map_287.html
288,01_raw_data/03_hardiness_map/plant_species_hardiness_map_288.html
289,01_raw_data/03_hardiness_map/plant_species_hardiness_map_289.html
290,01_raw_data/03_hardiness_map/plant_species_hardiness_map_290.html
291,01_raw_data/03_hardiness_map/plant_species_hardiness_map_291.html
292,01_raw_data/03_hardiness_map/plant_species_hardiness_map_292.html
293,01_raw_data/03_hardiness_map/plant_species_hardiness_map_293.html
294,01_raw_data/03_hardiness_map/plant_species_hardiness_map_294.html
295,01_raw_data/03_hardiness_map/plant_species_hardiness_map_295.html
296,01_raw_data/03_hardiness_map/plant_species_hardiness_map_296.html
297,01_raw_data/03_hardiness_map/plant_species_hardiness_map_297.html
298,01_raw_data/03_hardiness_map/plant_species_hardiness_map_298.html
299,01_raw_data/03_hardiness_map/plant_species_hardiness_map_299.html
300,01_raw_data/03_hardiness_map/plant_species_hardiness_map_300.html
301,01_raw_data/03_hardiness_map/plant_species_hardiness_map_301.html
302,01_raw_data/03_hardiness_map/plant_species_hardiness_map_302.html
303,01_raw_data/03_hardiness_map/plant_species_hardiness_map_303.html
304,01_raw_data/03_hardiness_map/plant_species_hardiness_map_304.html
305,01_raw_data/03_hardiness_map/plant_species_hardiness_map_305.html
306,01_raw_data/03_hardiness_map/plant_species_hardiness_map_306.html
307,01_raw_data/03_hardiness_map/plant_species_hardiness_map_307.html
308,01_raw_data/03_hardiness_map/plant_species_hardiness_map_308.html
309,01_raw_data/03_hardiness_map/plant_species_hardiness_map_309.html
310,01_raw_data/03_hardiness_map/plant_species_hardiness_map_310.html
311,01_raw_data/03_hardiness_map/plant_species_hardiness_map_311.html
312,01_raw_data/03_hardiness_map/plant_species_hardiness_map_312.html
313,01_raw_data/03_hardiness_map/plant_species_hardiness_map_313.html
314,01_raw_data/03_hardiness_map/plant_species_hardiness_map_314.html
315,01_raw_data/03_hardiness_map/plant_species_hardiness_map_315.html
316,01_raw_data/03_hardiness_map/plant_species_hardiness_map_316.html
317,01_raw_data/03_hardiness_map/plant_species_hardiness_map_317.html
318,01_raw_data/03_hardiness_map/plant_species_hardiness_map_318.html
319,01_raw_data/03_hardiness_map/plant_species_hardiness_map_319.html
320,01_raw_data/03_hardiness_map/plant_species_hardiness_map_320.html
321,01_raw_data/03_hardiness_map/plant_species_hardiness_map_321.html
322,01_raw_data/03_hardiness_map/plant_species_hardiness_map_322.html
323,01_raw_data/03_hardiness_map/plant_species_hardiness_map_323.html
324,01_raw_data/03_hardiness_map/plant_species_hardiness_map_324.html
325,01_raw_data/03_hardiness_map/plant_species_hardiness_map_325.html
326,01_raw_data/03_hardiness_map/plant_species_hardiness_map_326.html
327,01_raw_data/03_hardiness_map/plant_species_hardiness_map_327.html
328,01_raw_data/03_hardiness_map/plant_species_hardiness_map_328.html
329,01_raw_data/03_hardiness_map/plant_species_hardiness_map_329.html
330,01_raw_data/03_hardiness_map/plant_species_hardiness_map_330.html
331,01_raw_data/03_hardiness_map/plant_species_hardiness_map_331.html
332,01_raw_data/03_hardiness_map/plant_species_hardiness_map_332.html
333,01_raw_data/03_hardiness_map/plant_species_hardiness_map_333.html
334,01_raw_data/03_hardiness_map/plant_species_hardiness_map_334.html
335,01_raw_data/03_hardiness_map/plant_species_hardiness_map_335.html
336,01_raw_data/03_hardiness_map/plant_species_hardiness_map_336.html
337,01_raw_data/03_hardiness_map/plant_species_hardiness_map_337.html
338,01_raw_data/03_hardiness_map/plant_species_hardiness_map_338.html
339,01_raw_data/03_hardiness_map/plant_species_hardiness_map_339.html
340,01_raw_data/03_hardiness_map/plant_species_hardiness_map_340.html
341,01_raw_data/03_hardiness_map/plant_species_hardiness_map_341.html
342,01_raw_data/03_hardiness_map/plant_species_hardiness_map_342.html
343,01_raw_data/03_hardiness_map/plant_species_hardiness_map_343.html
344,01_raw_data/03_hardiness_map/plant_species_hardiness_map_344.html
345,01_raw_data/03_hardiness_map/plant_species_hardiness_map_345.html
346,01_raw_data/03_hardiness_map/plant_species_hardiness_map_346.html
347,01_raw_data/03_hardiness_map/plant_species_hardiness_map_347.html
348,01_raw_data/03_hardiness_map/plant_species_hardiness_map_348.html
349,01_raw_data/03_hardiness_map/plant_species_hardiness_map_349.html
350,01_raw_data/03_hardiness_map/plant_species_hardiness_map_350.html
351,01_raw_data/03_hardiness_map/plant_species_hardiness_map_351.html
352,01_raw_data/03_hardiness_map/plant_species_hardiness_map_352.html
353,01_raw_data/03_hardiness_map/plant_species_hardiness_map_353.html
354,01_raw_data/03_hardiness_map/plant_species_hardiness_map_354.html
355,01_raw_data/03_hardiness_map/plant_species_hardiness_map_355.html
356,01_raw_data/03_hardiness_map/plant_species_hardiness_map_356.html
357,01_raw_data/03_hardiness_map/plant_species_hardiness_map_357.html
358,01_raw_data/03_hardiness_map/plant_species_hardiness_map_358.html
359,01_raw_data/03_hardiness_map/plant_species_hardiness_map_359.html
360,01_raw_data/03_hardiness_map/plant_species_hardiness_map_360.html
361,01_raw_data/03_hardiness_map/plant_species_hardiness_map_361.html
362,01_raw_data/03_hardiness_map/plant_species_hardiness_map_362.html
363,01_raw_data/03_hardiness_map/plant_species_hardiness_map_363.html
364,01_raw_data/03_hardiness_map/plant_species_hardiness_map_364.html
365,01_raw_data/03_hardiness_map/plant_species_hardiness_map_365.html
366,01_raw_data/03_hardiness_map/plant_species_hardiness_map_366.html
367,01_raw_data/03_hardiness_map/plant_species_hardiness_map_367.html
368,01_raw_data/03_hardiness_map/plant_species_hardiness_map_368.html
369,01_raw_data/03_hardiness_map/plant_species_hardiness_map_369.html
370,01_raw_data/03_hardiness_map/plant_species_hardiness_map_370.html
371,01_raw_data/03_hardiness_map/plant_species_hardiness_map_371.html
372,01_raw_data/03_hardiness_map/plant_species_hardiness_map_372.html
373,01_raw_data/03_hardiness_map/plant_species_hardiness_map_373.html
374,01_raw_data/03_hardiness_map/plant_species_hardiness_map_374.html
375,01_raw_data/03_hardiness_map/plant_species_hardiness_map_375.html
376,01_raw_data/03_hardiness_map/plant_species_hardiness_map_376.html
377,01_raw_data/03_hardiness_map/plant_species_hardiness_map_377.html
378,01_raw_data/03_hardiness_map/plant_species_hardiness_map_378.html
379,01_raw_data/03_hardiness_map/plant_species_hardiness_map_379.html
380,01_raw_data/03_hardiness_map/plant_species_hardiness_map_380.html
381,01_raw_data/03_hardiness_map/plant_species_hardiness_map_381.html
382,01_raw_data/03_hardiness_map/plant_species_hardiness_map_382.html
383,01_raw_data/03_hardiness_map/plant_species_hardiness_map_383.html
384,01_raw_data/03_hardiness_map/plant_species_hardiness_map_384.html
385,01_raw_data/03_hardiness_map/plant_species_hardiness_map_385.html
386,01_raw_data/03_hardiness_map/plant_species_hardiness_map_386.html
387,01_raw_data/03_hardiness_map/plant_species_hardiness_map_387.html
388,01_raw_data/03_hardiness_map/plant_species_hardiness_map_388.html
389,01_raw_data/03_hardiness_map/plant_species_hardiness_map_389.html
390,01_raw_data/03_hardiness_map/plant_species_hardiness_map_390.html
391,01_raw_data/03_hardiness_map/plant_species_hardiness_map_391.html
392,01_raw_data/03_hardiness_map/plant_species_hardiness_map_392.html
393,01_raw_data/03_hardiness_map/plant_species_hardiness_map_393.html
394,01_raw_data/03_hardiness_map/plant_species_hardiness_map_394.html
395,01_raw_data/03_hardiness_map/plant_species_hardiness_map_395.html
396,01_raw_data/03_hardiness_map/plant_species_hardiness_map_396.html
